ID;first_name;last_name;personal_email;birthdate;phone;employee_type;department;maritalstatus;nationality;county;postcode;state;end_contract_date;Identification_number
1;Elliot;Benzler;chariotsadjuring@ZolasTaichung.info;01-05-1962;153-728-0799;Manager;Human Resources;Widowed;Andorra;Bristol Bay;49395;Washington;04-09-2023;2416862670
2;Jeromy;Radakovic;miserableswhams@mealingMellonFulanis.gov;03-06-1961;633-813-7051;Manager;Human Resources;Widowed;Taiwan;Conecuh;61694;Oregon;08-05-2023;9956429706
3;Emil;Renford;stumblersnutmeats@imbroglio.net;24-01-1987;336-842-8734;Employee;Human Resources;Married;French Guiana;Walsh;40337;Montana;03-07-2023;2795210478
4;Mitchell;Soik;mousiermultiplier@breakupsimpasse.net;20-02-1970;437-295-2913;Employee;Human Resources;Single;Bangladesh;Blair;31347;Texas;15-02-2023;6106816613
5;Benjamin;Tefft;WillemstadgirdledMcCrays@benefactor.org;31-07-1961;553-557-8414;Employee;Human Resources;Widowed;Lithuania;Cowlitz;60555;Montana;01-12-2023;8334034713
6;Jonah;Dischner;rehearsescorrespondent@CruikshanksLarss.org;20-05-1972;272-607-1508;Manager;Production Line;Separated;Zambia;Colbert;43355;Oregon;07-09-2023;7736833421
7;Abel;Ghoshal;hulkspostponing@fluoroscope.info;21-03-1973;558-451-8496;Manager;Production Line;Single;Luxembourg;Windsor;23186;Iowa;12-06-2023;5784086089
8;Kent;Kohlman;scroungessquidding@receptivitydecked.edu;22-04-1973;872-633-9477;Manager;Production Line;Separated;Swaziland;San Benito;32615;Nevada;13-10-2023;7747770471
9;Doyle;Neeland;battlefieldsKikuyu@metacarpalscampsite.gov;27-11-1980;308-001-1852;Employee;Production Line;Separated;Luxembourg;San Bernardino;25334;Wyoming;18-10-2023;1449314340
10;Napoleon;Paulina;cottonsorchards@moonstonestranquillizer.net;30-03-1989;301-181-6431;Employee;Production Line;Divorced;Mali;Le Sueur;23239;Wisconsin;24-03-2023;9302542009
11;Noah;Lasich;Nsfriendlyassuaged@Barrettunfolding.info;29-02-1984;440-197-9357;Employee;Production Line;Single;Netherlands Antilles;Anderson;42686;Texas;28-08-2023;9606897641
12;Randell;Drabick;multiplexers@comicusurpers.org;28-04-1967;175-954-2453;Employee;Production Line;Single;Mediterranean Sea;Roscommon;86438;South Carolina;26-08-2023;5320375263
13;Vernon;Tapella;passagesFaradayspiritualism@chemisechickweeds.org;02-05-1965;735-706-5493;Employee;Production Line;Widowed;Liberia;Chaffee;59781;Utah;19-05-2023;6725914169
14;Harold;Smathers;Ijsseltheismsspookier@wheelwrightresponsibilities.com;27-01-1985;984-743-2686;Employee;Production Line;Separated;Canada;Wythe;88369;Wisconsin;09-03-2023;2684380759
15;Francisco;Meyerhoff;receptivereforestation@renouncesregale.org;25-10-1971;665-690-0380;Employee;Production Line;Single;Montserrat;Moultrie;64623;Puerto Rico;18-01-2023;4685278122
16;Quentin;Jackel;payhearkeningoverawing@proscribe.edu;15-09-1963;140-328-2268;Employee;Production Line;Separated;Kerguelen Archipelago;Bristol Bay;70724;Oregon;27-01-2023;593073165
17;Jules;Vangilder;Cainsrebellions@analogenshrouded.info;07-03-1963;869-660-3967;Employee;Production Line;Widowed;Zimbabwe;Taylor;64384;Missouri;23-07-2023;1929773093
18;Erick;Jakob;Kremlinologists@waterworksinfluence.gov;15-02-1979;366-597-1468;Employee;Production Line;Widowed;Senegal;Berkshire;19323;Kansas;14-12-2023;3158818221
19;Frederick;Faeth;battierreverendlibelled@CataloniasZamoras.com;16-01-1963;858-746-1879;Employee;Production Line;Divorced;Namibia;Mcdonald;61319;American Samoa;16-09-2023;1868952053
20;Jarod;Stingle;daguerreotypesdachshund@phonemesspun.com;01-12-1982;572-726-8916;Employee;Production Line;Divorced;Burundi;Pennington;50570;Kansas;02-01-2023;127865666
21;Oliver;Sollie;placeboesbeauticians@overstuffed.info;06-07-1968;645-574-3628;Employee;Production Line;Separated;Wallis and Futuna;Racine;76660;Minnesota;18-05-2023;8280363233
22;Darrell;Samanie;deviatesconstriction@synapsesapocalypses.info;29-09-1984;521-253-5937;Employee;Production Line;Separated;South Africa;Wake;20376;Connecticut;21-01-2023;7507219167
23;Mickey;Splane;breastbrokerage@latchesprotrusion.info;21-11-1981;292-048-1923;Employee;Production Line;Divorced;Virgin Islands;Grimes;92479;North Dakota;19-12-2023;8394614789
24;Hong;Tunberg;forborneAuschwitzs@Stanleysmagpie.edu;09-08-1972;447-823-4939;Employee;Production Line;Divorced;Mauritius;Huntington;54787;Indiana;24-03-2023;9355867663
25;Reggie;Rochez;Marriottschlorides@Bigglesclonedhumdingers.edu;11-02-1984;450-915-8259;Employee;Production Line;Single;Liechtenstein;Estill;30463;Missouri;13-03-2023;5192937419
26;Harris;Foon;hazingsbiting@Vivekananda.net;10-07-1963;610-981-0016;Employee;Production Line;Divorced;Christmas Island;Colusa;61336;New York;26-04-2023;2411578431
27;Jesus;Retzlaff;loxesvacillatedhumping@Bradysthicknesss.org;05-12-1983;712-579-4798;Employee;Production Line;Divorced;Guam;West Feliciana;94797;California;26-02-2023;3666685589
28;Dewitt;Shroades;grebesdipoles@RomansloosenedShylocks.info;16-06-1982;919-726-0086;Employee;Production Line;Separated;Bhutan;Hocking;54127;American Samoa;01-08-2023;3090262717
29;Glen;Klinkhammer;Squibbvying@endivesBertrands.net;10-05-1981;666-373-6600;Manager;IT Support;Widowed;Turks and Caicos Islands;Wibaux;78109;Guam;30-07-2023;2563334393
30;Anton;Golis;KlineGoebbels@defacing.com;29-01-1980;258-990-3010;Employee;IT Support;Separated;China;Mecosta;74830;Alaska;18-04-2023;7306787679
31;Elliot;Zeeman;aligningfates@reservationconfederacy.net;23-11-1990;294-371-6650;Employee;IT Support;Divorced;Mauritania;Fentress;96849;South Dakota;23-07-2023;8057071886
32;Hilton;Ebbert;dragsstreamedwashstands@hellosWahhabisantipathy.me;19-05-1989;129-184-9637;Employee;IT Support;Widowed;Lebanon;St. Lucie;53304;Vermont;30-03-2023;8512142040
33;Wilmer;Gobah;Marvinsundecidable@databasingminster.me;03-10-1975;752-690-4722;Employee;IT Support;Separated;Nepal;Skamania;76320;Ohio;24-10-2023;5892150109
34;Nicolas;Capobianco;piranharetainrestaurateurs@mutineersConngumbos.org;30-04-1963;985-378-7309;Employee;IT Support;Married;Cape Verde;Stewart;76051;New Hampshire;05-01-2023;6821551354
35;Clark;Hesselgrave;drizzlyBarodashepherd@Quirinals.me;28-12-1965;533-308-2178;Employee;IT Support;Separated;Tanzania;Ross;49485;Georgia;03-01-2023;182472755
36;Modesto;Filiberto;punctualPankhursts@Sloanesearthling.gov;18-09-1988;770-683-1651;Manager;Sales;Married;East Timor;Hartford;94682;Washington;07-11-2023;1939558036
37;Jc;Beene;transliteratingmerciful@hardlinerdeviant.org;05-07-1969;786-429-0956;Employee;Sales;Married;Indonesia;Bates;27053;Wisconsin;29-10-2023;9757155889
38;Carol;Paskett;subsumingsudsiest@correctness.com;23-09-1990;587-726-1613;Employee;Sales;Widowed;Latvia;Carson;16212;Indiana;13-07-2023;1891970891
39;Freddy;Alcindor;vaingloriousgushiest@anarchismsenjoymangier.net;25-03-1962;347-448-7551;Employee;Sales;Single;Midway Islands;Hidalgo;63367;Tennessee;20-04-2023;4630334254
40;Caleb;Leevy;fiendsgrafters@Hymensgluttingfitful.gov;05-03-1975;599-275-9803;Employee;Sales;Married;France;Grayson;13994;Texas;02-03-2023;4309727053
41;Hal;Gutleber;scarceGoreysstupids@craftchecksexploratory.gov;05-08-1988;319-580-2495;Employee;Sales;Separated;Heard Island and McDonald Islands;Nassau;17302;Nevada;03-01-2023;2224951244
42;Donte;Tachell;junctionstanker@raffishfunding.net;06-12-1964;828-912-1767;Employee;Sales;Married;Chad;Jo Daviess;15684;New Mexico;20-07-2023;5140455682
43;Landon;Ghigliotty;windowsillsOsgood@remissEstonias.me;06-06-1985;250-269-0999;Manager;Customer Support;Widowed;Sri Lanka;Androscoggin;23611;Oklahoma;12-08-2023;8504554986
44;Jacinto;Delatte;Rogetsconveyersflabbiest@Challenger.net;07-09-1977;852-231-0975;Employee;Customer Support;Widowed;Navassa Island;Concho;35545;Idaho;19-05-2023;3264152856
45;Carroll;Salma;homeynessBloemfontein@unsuitablyMcCoyssightseeing.net;07-06-1973;252-684-0694;Employee;Customer Support;Widowed;Wake Island;Wabash;51362;Wisconsin;14-08-2023;1932154997
46;Kendrick;Truillo;contagionsovercharging@outgrowth.net;09-05-1961;412-863-1880;Employee;Customer Support;Divorced;Tanzania;Boone;51205;West Virginia;06-05-2023;8946267840
47;Ernest;Staller;clearersmetered@runningdaubedcharacterize.info;29-06-1974;718-055-1683;Employee;Customer Support;Separated;Sudan;Swift;45225;Delaware;24-06-2023;8838598040
48;Thomas;Sarsfield;xenonpopovers@tonerapplicators.com;27-09-1987;430-320-0255;Employee;Customer Support;Married;Saint Vincent and the Grenadines;Traill;12593;Texas;06-07-2023;5410463570
49;Jefferey;Pavone;firmnesspredetermines@atonalitystawdriness.org;18-04-1976;619-673-4117;Employee;Customer Support;Widowed;Ghana;Castro;60715;Georgia;02-05-2023;279993957
